{
  "project_info": {
    "project_number": "591977125152",
    "firebase_url": "https://easytrack-d30d8.firebaseio.com",
    "project_id": "easytrack-d30d8",
    "storage_bucket": "easytrack-d30d8.appspot.com"
  },
  "client": [
    {
      "client_info": {
        "mobilesdk_app_id": "1:591977125152:android:c7d8880d7d0df86b3f7345",
        "android_client_info": {
          "package_name": "com.example.easytrack"
        }
      },
      "oauth_client": [
        {
          "client_id": "591977125152-9jbiia78hvknrk2rvq6hmujda152voh7.apps.googleusercontent.com",
          "client_type": 3
        }
      ],
      "api_key": [
        {
          "current_key": "AIzaSyCa_1oUu0WYTNu_26cxhCB79ZpQaVyvFeA"
        }
      ],
      "services": {
        "appinvite_service": {
          "other_platform_oauth_client": [
            {
              "client_id": "591977125152-9jbiia78hvknrk2rvq6hmujda152voh7.apps.googleusercontent.com",
              "client_type": 3
            }
          ]
        }
      }
    }
  ],
  "configuration_version": "1"
}